{
  "by_sex": {
    "Sex": [
      "female",
      "male"
    ],
    "n": [
      314,
      577
    ],
    "survival_rate": [
      74.2,
      18.89
    ]
  },
  "by_pclass": {
    "Pclass": [
      1,
      2,
      3
    ],
    "n": [
      216,
      184,
      491
    ],
    "survival_rate": [
      62.96,
      47.28,
      24.24
    ]
  },
  "by_agegrp": {
    "Age_group": [
      "Child(0-12)",
      "Teen(13-18)",
      "Adult(19-35)",
      "Adult(36-60)",
      "Senior(61+)"
    ],
    "n": [
      69,
      70,
      358,
      195,
      22
    ],
    "survival_rate": [
      57.97,
      42.86,
      38.27,
      40.0,
      22.73
    ]
  },
  "by_embarked": {
    "Embarked": [
      "C",
      "Q",
      "S"
    ],
    "n": [
      168,
      77,
      644
    ],
    "survival_rate": [
      55.36,
      38.96,
      33.7
    ]
  },
  "feature_importances": {
    "feature": [
      "Fare",
      "Age",
      "Sex_male",
      "Sex_female",
      "SibSp",
      "Pclass_3",
      "Parch",
      "Pclass_1",
      "Pclass_2",
      "Embarked_S",
      "Embarked_C",
      "Embarked_Q"
    ],
    "importance": [
      0.255328683560254,
      0.23972928780636407,
      0.14749798205178033,
      0.14104771943799152,
      0.044809115117429,
      0.0445057666395579,
      0.04003710821686479,
      0.03455170442288371,
      0.017884776693941565,
      0.014943575901561723,
      0.012988478607652437,
      0.006675801543719052
    ]
  },
  "top_feature_text": "Top feature by RandomForest importance: Fare (importance=0.2553). Model accuracy on holdout: 0.731"
}